{
  "summary": {
    "checkpoint": "checkpoint/003_RayEncoder/checkpoint/ray_encoder_best.pth",
    "split": "val",
    "dataset_root": "data/VIDIT_HF",
    "sample_count": 128,
    "accuracy_8way": 0.4296875,
    "ray_cosine": {
      "mean": 0.8216232061386108,
      "median": 0.8627800941467285,
      "p10": 0.49999549984931946,
      "p90": 1.0
    },
    "angle_error_deg": {
      "mean": 38.92438888549805,
      "median": 42.821868896484375,
      "p10": 0.004641723819077015,
      "p90": 90.0005111694336
    },
    "confidence": {
      "mean": 0.9089108109474182,
      "median": 0.9882458448410034,
      "p10": 0.6508424878120422,
      "p90": 0.9999309778213501
    },
    "confusion": [
      [
        9,
        1,
        0,
        2,
        0,
        4,
        3,
        5
      ],
      [
        2,
        4,
        3,
        3,
        0,
        0,
        0,
        0
      ],
      [
        0,
        1,
        5,
        6,
        3,
        0,
        1,
        1
      ],
      [
        0,
        2,
        1,
        8,
        1,
        0,
        0,
        0
      ],
      [
        0,
        1,
        1,
        1,
        9,
        5,
        0,
        0
      ],
      [
        0,
        0,
        0,
        1,
        0,
        9,
        4,
        0
      ],
      [
        0,
        0,
        0,
        0,
        0,
        3,
        5,
        5
      ],
      [
        4,
        0,
        0,
        1,
        0,
        3,
        5,
        6
      ]
    ]
  },
  "best": [
    {
      "index": 1101,
      "image_path": "data/VIDIT_HF/val/Image054_S_5500.png",
      "scene": "Image054",
      "gt_direction": "S",
      "pred_direction": "S",
      "gt_angle": 180.0,
      "pred_angle": 179.99990844726562,
      "angle_error": 9.1552734375e-05,
      "ray_cosine": 1.0,
      "confidence": 0.9999961853027344
    },
    {
      "index": 84,
      "image_path": "data/VIDIT_HF/val/Image292_W_2500.png",
      "scene": "Image292",
      "gt_direction": "W",
      "pred_direction": "W",
      "gt_angle": 270.0,
      "pred_angle": 270.0001220703125,
      "angle_error": 0.0001220703125,
      "ray_cosine": 1.0,
      "confidence": 0.9999808073043823
    },
    {
      "index": 443,
      "image_path": "data/VIDIT_HF/val/Image142_NW_3500.png",
      "scene": "Image142",
      "gt_direction": "NW",
      "pred_direction": "NW",
      "gt_angle": 315.0,
      "pred_angle": 314.9998474121094,
      "angle_error": 0.000152587890625,
      "ray_cosine": 1.0,
      "confidence": 0.9999927282333374
    },
    {
      "index": 460,
      "image_path": "data/VIDIT_HF/val/Image003_SE_2500.png",
      "scene": "Image003",
      "gt_direction": "SE",
      "pred_direction": "SE",
      "gt_angle": 135.0,
      "pred_angle": 135.0001678466797,
      "angle_error": 0.0001678466796875,
      "ray_cosine": 1.0,
      "confidence": 0.9998762607574463
    },
    {
      "index": 93,
      "image_path": "data/VIDIT_HF/val/Image142_E_2500.png",
      "scene": "Image142",
      "gt_direction": "E",
      "pred_direction": "E",
      "gt_angle": 90.0,
      "pred_angle": 89.99949645996094,
      "angle_error": 0.0005035400390625,
      "ray_cosine": 1.0,
      "confidence": 0.9999778270721436
    }
  ],
  "worst": [
    {
      "index": 99,
      "image_path": "data/VIDIT_HF/val/Image151_NW_4500.png",
      "scene": "Image151",
      "gt_direction": "NW",
      "pred_direction": "SE",
      "gt_angle": 315.0,
      "pred_angle": 134.93292236328125,
      "angle_error": 179.93292236328125,
      "ray_cosine": 2.682209014892578e-07,
      "confidence": 0.9983580708503723
    },
    {
      "index": 208,
      "image_path": "data/VIDIT_HF/val/Image034_E_6500.png",
      "scene": "Image034",
      "gt_direction": "E",
      "pred_direction": "W",
      "gt_angle": 90.0,
      "pred_angle": 270.290283203125,
      "angle_error": 179.709716796875,
      "ray_cosine": 6.377696990966797e-06,
      "confidence": 0.9922635555267334
    },
    {
      "index": 165,
      "image_path": "data/VIDIT_HF/val/Image127_N_2500.png",
      "scene": "Image127",
      "gt_direction": "N",
      "pred_direction": "SW",
      "gt_angle": 0.0,
      "pred_angle": 224.325439453125,
      "angle_error": 135.674560546875,
      "ray_cosine": 0.14230868220329285,
      "confidence": 0.9881629347801208
    },
    {
      "index": 556,
      "image_path": "data/VIDIT_HF/val/Image057_N_2500.png",
      "scene": "Image057",
      "gt_direction": "N",
      "pred_direction": "SW",
      "gt_angle": 0.0,
      "pred_angle": 224.95822143554688,
      "angle_error": 135.04177856445312,
      "ray_cosine": 0.14618894457817078,
      "confidence": 0.9989628791809082
    },
    {
      "index": 160,
      "image_path": "data/VIDIT_HF/val/Image088_N_2500.png",
      "scene": "Image088",
      "gt_direction": "N",
      "pred_direction": "SE",
      "gt_angle": 0.0,
      "pred_angle": 134.82528686523438,
      "angle_error": 134.82528686523438,
      "ray_cosine": 0.1475263237953186,
      "confidence": 0.9943068623542786
    }
  ],
  "heatmaps": {
    "enabled": true,
    "target": "pred",
    "alpha": 0.45,
    "scene_count": 2,
    "scenes": [
      {
        "scene": "Image240",
        "directions": [
          "N",
          "NE",
          "E",
          "S"
        ],
        "indices": [
          257,
          940,
          549,
          631
        ]
      },
      {
        "scene": "Image142",
        "directions": [
          "N",
          "NE",
          "E",
          "SW"
        ],
        "indices": [
          529,
          803,
          93,
          1036
        ]
      }
    ]
  }
}